GROUP,PACKAGE,CLASS,INSTRUCTION_MISSED,INSTRUCTION_COVERED,BRANCH_MISSED,BRANCH_COVERED,LINE_MISSED,LINE_COVERED,COMPLEXITY_MISSED,COMPLEXITY_COVERED,METHOD_MISSED,METHOD_COVERED
org.maxicp:maxicp,org.maxicp.util,PQueue,38,69,5,9,8,14,5,8,2,4
org.maxicp:maxicp,org.maxicp.util,TriFunction,15,0,0,0,2,0,2,0,2,0
org.maxicp:maxicp,org.maxicp.util,GraphUtil.new GraphUtil.Graph() {...},9,11,0,0,2,2,2,2,2,2
org.maxicp:maxicp,org.maxicp.util,ImmutableSet,136,0,2,0,30,0,23,0,22,0
org.maxicp:maxicp,org.maxicp.util,GraphUtil,3,196,0,24,1,45,1,19,1,7
org.maxicp:maxicp,org.maxicp.util,HashMultimap,0,79,1,5,0,18,1,9,0,7
org.maxicp:maxicp,org.maxicp.util,ImmutableSet.Builder,44,0,0,0,12,0,5,0,5,0
org.maxicp:maxicp,org.maxicp.util,TimeIt,50,0,0,0,8,0,8,0,8,0
org.maxicp:maxicp,org.maxicp.util,Ints,61,0,4,0,9,0,5,0,3,0
org.maxicp:maxicp,org.maxicp.util,ImmutableSet.TrustMeBro,6,0,0,0,1,0,1,0,1,0
org.maxicp:maxicp,org.maxicp.util,Arrays.new Comparator() {...},18,0,0,0,2,0,2,0,2,0
org.maxicp:maxicp,org.maxicp.util,Arrays,462,132,48,16,85,31,41,14,17,6
org.maxicp:maxicp,org.maxicp.util,TimeIt.TimeItResult,9,0,0,0,1,0,1,0,1,0
org.maxicp:maxicp,org.maxicp.util,NumberUtils,115,158,31,39,19,25,24,22,2,9
org.maxicp:maxicp,org.maxicp.cp.engine.constraints.scheduling,GeneralizedCumulativeConstraintBaseLine.Event,58,0,4,0,17,0,10,0,7,0
org.maxicp:maxicp,org.maxicp.cp.engine.constraints.scheduling,GeneralizedCumulativeSweepMin,947,0,102,0,148,0,72,0,21,0
org.maxicp:maxicp,org.maxicp.cp.engine.constraints.scheduling,IntervalVarEnd,5,50,1,1,1,14,1,3,0,3
org.maxicp:maxicp,org.maxicp.cp.engine.constraints.scheduling,ThetaLambdaTree.Node,0,30,0,0,0,12,0,2,0,2
org.maxicp:maxicp,org.maxicp.cp.engine.constraints.scheduling,NoOverlap,3,71,0,4,1,12,1,4,1,2
org.maxicp:maxicp,org.maxicp.cp.engine.constraints.scheduling,NoOverlapLeftToRight,70,889,14,64,9,133,11,45,1,16
org.maxicp:maxicp,org.maxicp.cp.engine.constraints.scheduling,Profile,174,0,12,0,29,0,12,0,6,0
org.maxicp:maxicp,org.maxicp.cp.engine.constraints.scheduling,IsStartBefore,114,0,12,0,27,0,9,0,3,0
org.maxicp:maxicp,org.maxicp.cp.engine.constraints.scheduling,IntervalVarStart,0,47,0,0,0,13,0,3,0,3
org.maxicp:maxicp,org.maxicp.cp.engine.constraints.scheduling,Profile.Entry,15,0,0,0,2,0,2,0,2,0
org.maxicp:maxicp,org.maxicp.cp.engine.constraints.scheduling,CPMinusCumulFunction,95,58,13,5,14,10,10,4,1,4
org.maxicp:maxicp,org.maxicp.cp.engine.constraints.scheduling,IsStartBeforeStart,125,0,18,0,29,0,12,0,3,0
org.maxicp:maxicp,org.maxicp.cp.engine.constraints.scheduling,EndBeforeEnd,3,67,4,8,1,15,4,5,0,3
org.maxicp:maxicp,org.maxicp.cp.engine.constraints.scheduling,GeneralizedCumulativeChecker,247,0,30,0,41,0,19,0,4,0
org.maxicp:maxicp,org.maxicp.cp.engine.constraints.scheduling,CPPulseCumulFunction,23,71,4,8,0,15,4,8,0,6
org.maxicp:maxicp,org.maxicp.cp.engine.constraints.scheduling,CPPlusCumulFunction,10,135,2,14,2,22,2,11,0,5
org.maxicp:maxicp,org.maxicp.cp.engine.constraints.scheduling,GeneralizedCumulativeSweepMax,873,0,90,0,135,0,65,0,20,0
org.maxicp:maxicp,org.maxicp.cp.engine.constraints.scheduling,GeneralizedCumulativeSweepMax.EventList,192,0,0,0,27,0,8,0,8,0
org.maxicp:maxicp,org.maxicp.cp.engine.constraints.scheduling,EndAfter,3,54,3,5,1,14,3,4,0,3
org.maxicp:maxicp,org.maxicp.cp.engine.constraints.scheduling,GeneralizedCumulativeSweepMax.Event,36,0,0,0,11,0,6,0,6,0
org.maxicp:maxicp,org.maxicp.cp.engine.constraints.scheduling,NoOverlapBinaryWithTransitionTime,3,164,6,14,1,33,6,8,0,4
org.maxicp:maxicp,org.maxicp.cp.engine.constraints.scheduling,GeneralizedCumulativeConstraint.Event,7,51,0,4,1,16,1,9,1,6
org.maxicp:maxicp,org.maxicp.cp.engine.constraints.scheduling,StartBefore,0,57,2,6,0,15,2,5,0,3
org.maxicp:maxicp,org.maxicp.cp.engine.constraints.scheduling,EndBefore,0,57,1,7,0,15,1,6,0,3
org.maxicp:maxicp,org.maxicp.cp.engine.constraints.scheduling,ThetaLambdaTree,40,310,0,14,11,61,2,16,2,9
org.maxicp:maxicp,org.maxicp.cp.engine.constraints.scheduling,GeneralizedCumulativeSweepMin.Event,38,0,0,0,11,0,6,0,6,0
org.maxicp:maxicp,org.maxicp.cp.engine.constraints.scheduling,GeneralizedCumulativeConstraint,9,1480,12,145,1,185,12,81,0,13
org.maxicp:maxicp,org.maxicp.cp.engine.constraints.scheduling,CPStepAtStartCumulFunction,44,81,6,6,3,19,7,5,2,4
org.maxicp:maxicp,org.maxicp.cp.engine.constraints.scheduling,CPStepAtEndCumulFunction,114,0,10,0,20,0,11,0,6,0
org.maxicp:maxicp,org.maxicp.cp.engine.constraints.scheduling,GeneralizedCumulativeConstraintBaseLine,1452,0,151,0,183,0,90,0,13,0
org.maxicp:maxicp,org.maxicp.cp.engine.constraints.scheduling,StartAtEnd,3,87,4,8,1,17,4,5,0,3
org.maxicp:maxicp,org.maxicp.cp.engine.constraints.scheduling,IsStartBeforeEnd,125,0,18,0,29,0,12,0,3,0
org.maxicp:maxicp,org.maxicp.cp.engine.constraints.scheduling,StartBeforeStart,3,59,4,8,1,15,4,5,0,3
org.maxicp:maxicp,org.maxicp.cp.engine.constraints.scheduling,ThetaTree.Node,0,12,0,0,0,6,0,2,0,2
org.maxicp:maxicp,org.maxicp.cp.engine.constraints.scheduling,Activity,45,146,8,14,10,31,12,28,6,23
org.maxicp:maxicp,org.maxicp.cp.engine.constraints.scheduling,CPSumCumulFunction,121,35,16,2,18,5,11,3,3,2
org.maxicp:maxicp,org.maxicp.cp.engine.constraints.scheduling,GeneralizedCumulativeSweepMin.EventList,195,0,0,0,28,0,8,0,8,0
org.maxicp:maxicp,org.maxicp.cp.engine.constraints.scheduling,IntervalVarLength,0,47,0,0,0,13,0,3,0,3
org.maxicp:maxicp,org.maxicp.cp.engine.constraints.scheduling,StartAtStart,0,90,3,9,0,18,3,6,0,3
org.maxicp:maxicp,org.maxicp.cp.engine.constraints.scheduling,NoOverlapBCLeftToRight.State,0,9,0,0,0,1,0,1,0,1
org.maxicp:maxicp,org.maxicp.cp.engine.constraints.scheduling,NoOverlapGlobal,44,596,9,61,7,103,8,35,1,7
org.maxicp:maxicp,org.maxicp.cp.engine.constraints.scheduling,NoOverlapBCGlobal,30,380,6,36,6,61,6,21,0,6
org.maxicp:maxicp,org.maxicp.cp.engine.constraints.scheduling,GeneralizedCumulativeConstraintBaseLine.eventType,27,0,0,0,5,0,1,0,1,0
org.maxicp:maxicp,org.maxicp.cp.engine.constraints.scheduling,CumulativeDecomposition,0,186,0,4,0,23,0,8,0,6
org.maxicp:maxicp,org.maxicp.cp.engine.constraints.scheduling,IsEndBeforeStart,0,125,0,18,0,29,0,12,0,3
org.maxicp:maxicp,org.maxicp.cp.engine.constraints.scheduling,Alternative,0,324,0,32,0,65,0,19,0,3
org.maxicp:maxicp,org.maxicp.cp.engine.constraints.scheduling,GeneralizedCumulativeConstraint.eventType,0,27,0,0,0,5,0,1,0,1
org.maxicp:maxicp,org.maxicp.cp.engine.constraints.scheduling,StartBeforeEnd,3,59,4,8,1,15,4,5,0,3
org.maxicp:maxicp,org.maxicp.cp.engine.constraints.scheduling,EndAtStart,3,87,4,8,1,17,4,5,0,3
org.maxicp:maxicp,org.maxicp.cp.engine.constraints.scheduling,IsEndAfter,114,0,12,0,27,0,9,0,3,0
org.maxicp:maxicp,org.maxicp.cp.engine.constraints.scheduling,NoOverlapBCLeftToRight.Outcome,0,21,0,0,0,2,0,1,0,1
org.maxicp:maxicp,org.maxicp.cp.engine.constraints.scheduling,IntervalVarEndOrValue,0,67,0,4,0,18,0,5,0,3
org.maxicp:maxicp,org.maxicp.cp.engine.constraints.scheduling,IsEndBefore,4,110,1,11,1,26,1,8,0,3
org.maxicp:maxicp,org.maxicp.cp.engine.constraints.scheduling,EndAtEnd,3,87,4,8,1,17,4,5,0,3
org.maxicp:maxicp,org.maxicp.cp.engine.constraints.scheduling,ThetaTree,0,152,0,8,0,31,0,10,0,6
org.maxicp:maxicp,org.maxicp.cp.engine.constraints.scheduling,CPFlatCumulFunction,10,7,0,0,2,4,2,3,2,3
org.maxicp:maxicp,org.maxicp.cp.engine.constraints.scheduling,IntervalVarStartOrValue,0,67,0,4,0,18,0,5,0,3
org.maxicp:maxicp,org.maxicp.cp.engine.constraints.scheduling,Profile.Rectangle,17,33,1,1,2,11,3,5,2,5
org.maxicp:maxicp,org.maxicp.cp.engine.constraints.scheduling,NoOverlapLeftToRight.Outcome,0,21,0,0,0,2,0,1,0,1
org.maxicp:maxicp,org.maxicp.cp.engine.constraints.scheduling,IsEndBeforeEnd,125,0,18,0,29,0,12,0,3,0
org.maxicp:maxicp,org.maxicp.cp.engine.constraints.scheduling,GeneralizedCumulativeSweepMin.EventType,21,0,0,0,2,0,1,0,1,0
org.maxicp:maxicp,org.maxicp.cp.engine.constraints.scheduling,GeneralizedCumulativeSweepMax.EventType,21,0,0,0,2,0,1,0,1,0
org.maxicp:maxicp,org.maxicp.cp.engine.constraints.scheduling,IntervalVarLengthOrValue,103,0,10,0,24,0,8,0,3,0
org.maxicp:maxicp,org.maxicp.cp.engine.constraints.scheduling,NoOverlapBCLeftToRight,0,345,0,30,0,63,0,19,0,4
org.maxicp:maxicp,org.maxicp.cp.engine.constraints.scheduling,NoOverlapBC,3,71,0,4,1,12,1,4,1,2
org.maxicp:maxicp,org.maxicp.cp.engine.constraints.scheduling,StartAfter,0,57,2,6,0,15,2,5,0,3
org.maxicp:maxicp,org.maxicp.cp.engine.constraints.scheduling,EndBeforeStart,3,59,4,8,1,15,4,5,0,3
org.maxicp:maxicp,org.maxicp.cp.engine.constraints.scheduling,NoOverlapBinary,0,118,1,19,0,24,1,12,0,3
org.maxicp:maxicp,org.maxicp.modeling.concrete,ConcreteModelProxy.SymbolicExecution,43,0,0,0,9,0,6,0,6,0
org.maxicp:maxicp,org.maxicp.modeling.concrete,ConcreteModel,15,22,0,0,2,4,2,4,2,4
org.maxicp:maxicp,org.maxicp.modeling.concrete,BasicModelProxy,0,18,0,0,0,8,0,4,0,4
org.maxicp:maxicp,org.maxicp.modeling.concrete,ConcreteModelProxy,111,0,0,0,29,0,17,0,17,0
org.maxicp:maxicp,org.maxicp.modeling.concrete,ConcreteModelProxy.new ConcreteModelProxy() {...},19,0,0,0,5,0,3,0,3,0
org.maxicp:maxicp,org.maxicp.state.copy,Copier,4,119,0,4,1,33,1,14,1,12
org.maxicp:maxicp,org.maxicp.state.copy,CopyInt,0,5,0,0,0,2,0,1,0,1
org.maxicp:maxicp,org.maxicp.state.copy,CopyLong,0,5,0,0,0,2,0,1,0,1
org.maxicp:maxicp,org.maxicp.state.copy,CopyMap.CopyMapStateEntry,0,15,0,0,0,5,0,2,0,2
org.maxicp:maxicp,org.maxicp.state.copy,Copier.Backup,0,48,0,4,0,9,0,4,0,2
org.maxicp:maxicp,org.maxicp.state.copy,CopyMap,71,49,2,2,17,9,12,5,11,4
org.maxicp:maxicp,org.maxicp.state.copy,Copy,4,21,0,0,1,7,1,4,1,4
org.maxicp:maxicp,org.maxicp.state.copy,Copy.CopyStateEntry,0,15,0,0,0,5,0,2,0,2
org.maxicp:maxicp,org.maxicp,ModelDispatcher,202,145,12,8,32,26,24,14,16,11
org.maxicp:maxicp,org.maxicp,Constants.CumulativeAlgo,0,21,0,0,0,4,0,1,0,1
org.maxicp:maxicp,org.maxicp,Constants,3,0,0,0,1,0,1,0,1,0
org.maxicp:maxicp,org.maxicp.util.algo,Tree.NodeType,27,0,0,0,2,0,1,0,1,0
org.maxicp:maxicp,org.maxicp.util.algo,Tree.Node,168,0,4,0,31,0,7,0,5,0
org.maxicp:maxicp,org.maxicp.util.algo,LayeredGraph,18,154,0,2,3,28,3,11,3,10
org.maxicp:maxicp,org.maxicp.util.algo,Tree,160,0,4,0,33,0,7,0,5,0
org.maxicp:maxicp,org.maxicp.util.algo,Tree.Extent,301,0,22,0,57,0,21,0,10,0
org.maxicp:maxicp,org.maxicp.util.algo,DistanceMatrix.Position,0,32,0,0,0,3,0,3,0,3
org.maxicp:maxicp,org.maxicp.util.algo,BinPacking,10,297,6,44,2,57,7,24,1,5
org.maxicp:maxicp,org.maxicp.util.algo,DistanceMatrix,157,357,11,37,20,60,11,21,4,4
org.maxicp:maxicp,org.maxicp.util.algo,Tree.PositionedNode,300,0,10,0,44,0,14,0,8,0
org.maxicp:maxicp,org.maxicp.util.algo,LayeredGraph.new Iterator() {...},0,31,0,2,0,4,0,4,0,3
org.maxicp:maxicp,org.maxicp.util.algo,Tree.Pair,9,0,0,0,1,0,1,0,1,0
org.maxicp:maxicp,org.maxicp.util.algo,LayeredGraph.EdgeList,0,70,0,2,0,14,0,6,0,5
org.maxicp:maxicp,org.maxicp.modeling.algebra,Expression,0,6,0,0,0,1,0,1,0,1
org.maxicp:maxicp,org.maxicp.modeling.algebra,SubexpressionsCache,3,6,0,0,1,1,1,1,1,1
org.maxicp:maxicp,org.maxicp.modeling.algebra,ExpressionMapper,84,0,4,0,13,0,13,0,11,0
org.maxicp:maxicp,org.maxicp.modeling.algebra,NonLeafExpressionNode,2,24,1,3,1,4,1,3,0,2
org.maxicp:maxicp,org.maxicp.modeling.algebra,VariableNotFixedException,3,0,0,0,1,0,1,0,1,0
org.maxicp:maxicp,org.maxicp.state.trail,Trailer,0,126,0,4,0,33,0,16,0,14
org.maxicp:maxicp,org.maxicp.state.trail,Trailer.Backup,0,12,0,2,0,5,0,3,0,2
org.maxicp:maxicp,org.maxicp.state.trail,Trail.TrailStateEntry,0,15,0,0,0,5,0,2,0,2
org.maxicp:maxicp,org.maxicp.state.trail,TrailInt,0,6,0,0,0,2,0,1,0,1
org.maxicp:maxicp,org.maxicp.state.trail,TrailLong,0,6,0,0,0,2,0,1,0,1
org.maxicp:maxicp,org.maxicp.state.trail,Trail,5,55,0,4,1,16,1,6,1,4
org.maxicp:maxicp,org.maxicp.state.trail,TrailMap.new StateEntry() {...},0,17,0,0,0,3,0,2,0,2
org.maxicp:maxicp,org.maxicp.state.trail,TrailMap.new StateEntry() {...},0,22,0,0,0,3,0,2,0,2
org.maxicp:maxicp,org.maxicp.state.trail,TrailMap.new StateEntry() {...},22,0,0,0,3,0,2,0,2,0
org.maxicp:maxicp,org.maxicp.state.trail,TrailMap,58,64,2,2,13,14,10,5,9,4
org.maxicp:maxicp,org.maxicp.modeling.constraints.scheduling,NoOverlap,6,0,0,0,1,0,1,0,1,0
org.maxicp:maxicp,org.maxicp.modeling.constraints.scheduling,StartAfter,9,0,0,0,1,0,1,0,1,0
org.maxicp:maxicp,org.maxicp.modeling.constraints.scheduling,Length,0,9,0,0,0,1,0,1,0,1
org.maxicp:maxicp,org.maxicp.modeling.constraints.scheduling,Present,6,0,0,0,1,0,1,0,1,0
org.maxicp:maxicp,org.maxicp.modeling.constraints.scheduling,LessOrEqual,0,9,0,0,0,1,0,1,0,1
org.maxicp:maxicp,org.maxicp.modeling.constraints.scheduling,Start,0,9,0,0,0,1,0,1,0,1
org.maxicp:maxicp,org.maxicp.modeling.constraints.scheduling,Alternative,12,0,0,0,1,0,1,0,1,0
org.maxicp:maxicp,org.maxicp.modeling.constraints.scheduling,AlwaysIn,12,0,0,0,1,0,1,0,1,0
org.maxicp:maxicp,org.maxicp.modeling.algebra.scheduling,StepAtStartCumulFunction,63,0,6,0,13,0,7,0,4,0
org.maxicp:maxicp,org.maxicp.modeling.algebra.scheduling,MinusCumulFunction,129,0,16,0,20,0,12,0,4,0
org.maxicp:maxicp,org.maxicp.modeling.algebra.scheduling,FlatCumulFunction,12,3,0,0,3,1,3,1,3,1
org.maxicp:maxicp,org.maxicp.modeling.algebra.scheduling,IntervalExpression,8,79,1,9,1,15,1,5,0,1
org.maxicp:maxicp,org.maxicp.modeling.algebra.scheduling,StepAtEndCumulFunction,62,0,6,0,12,0,7,0,4,0
org.maxicp:maxicp,org.maxicp.modeling.algebra.scheduling,SumCumulFunction,119,6,16,0,18,3,11,1,3,1
org.maxicp:maxicp,org.maxicp.modeling.algebra.scheduling,PlusCumulFunction,109,0,16,0,20,0,12,0,4,0
org.maxicp:maxicp,org.maxicp.modeling.algebra.scheduling,PulseCumulFunction,42,48,7,3,3,14,7,3,2,3
org.maxicp:maxicp,org.maxicp.cp.engine.constraints.seqvar,Cumulative.Profile,2,155,4,10,1,34,4,11,0,8
org.maxicp:maxicp,org.maxicp.cp.engine.constraints.seqvar,Exclude,13,20,0,0,8,7,7,2,7,2
org.maxicp:maxicp,org.maxicp.cp.engine.constraints.seqvar,Precedence,2,430,2,60,1,75,2,36,0,7
org.maxicp:maxicp,org.maxicp.cp.engine.constraints.seqvar,Require,13,20,0,0,8,7,7,2,7,2
org.maxicp:maxicp,org.maxicp.cp.engine.constraints.seqvar,SubSequence,0,297,1,29,0,57,1,19,0,5
org.maxicp:maxicp,org.maxicp.cp.engine.constraints.seqvar,Duration.LeftToRightFiltering,2,510,3,41,0,75,3,27,0,8
org.maxicp:maxicp,org.maxicp.cp.engine.constraints.seqvar,Insert,0,22,0,0,0,7,0,2,0,2
org.maxicp:maxicp,org.maxicp.cp.engine.constraints.seqvar,Distance,70,232,2,18,5,44,2,13,0,5
org.maxicp:maxicp,org.maxicp.cp.engine.constraints.seqvar,TransitionTimes.NodeTimeWindow,13,82,7,9,2,15,6,6,0,4
org.maxicp:maxicp,org.maxicp.cp.engine.constraints.seqvar,Duration,10,646,5,33,2,114,5,23,0,9
org.maxicp:maxicp,org.maxicp.cp.engine.constraints.seqvar,NotBetween,13,30,0,0,8,9,7,2,7,2
org.maxicp:maxicp,org.maxicp.cp.engine.constraints.seqvar,TransitionTimes,102,612,9,43,6,107,9,30,0,13
org.maxicp:maxicp,org.maxicp.cp.engine.constraints.seqvar,Cumulative,27,863,12,90,7,145,12,54,0,15
org.maxicp:maxicp,org.maxicp.cp.engine.constraints.seqvar,RelaxedSequence,174,0,18,0,28,0,12,0,3,0
org.maxicp:maxicp,org.maxicp.modeling.algebra.bool,StartAfter,95,9,20,0,15,1,17,1,7,1
org.maxicp:maxicp,org.maxicp.modeling.algebra.bool,Not,24,6,2,0,4,1,5,1,4,1
org.maxicp:maxicp,org.maxicp.modeling.algebra.bool,EndBefore,101,0,20,0,17,0,18,0,8,0
org.maxicp:maxicp,org.maxicp.modeling.algebra.bool,Or,102,0,18,0,23,0,17,0,8,0
org.maxicp:maxicp,org.maxicp.modeling.algebra.bool,EndBeforeStart,110,9,28,0,17,1,22,1,8,1
org.maxicp:maxicp,org.maxicp.modeling.algebra.bool,NotEq,72,29,12,0,14,5,12,3,6,3
org.maxicp:maxicp,org.maxicp.modeling.algebra.bool,StartBefore,95,9,20,0,15,1,17,1,7,1
org.maxicp:maxicp,org.maxicp.modeling.algebra.bool,And,54,0,4,0,9,0,9,0,7,0
org.maxicp:maxicp,org.maxicp.modeling.algebra.bool,GreaterOrEq,115,0,18,0,18,0,19,0,10,0
org.maxicp:maxicp,org.maxicp.modeling.algebra.bool,Present,62,6,12,0,13,1,11,1,5,1
org.maxicp:maxicp,org.maxicp.modeling.algebra.bool,Eq,34,29,2,0,4,5,5,3,4,3
org.maxicp:maxicp,org.maxicp.modeling.algebra.bool,BoolExpression,16,0,0,0,3,0,1,0,1,0
org.maxicp:maxicp,org.maxicp.modeling.algebra.bool,LessOrEq,106,9,18,0,17,1,18,1,9,1
org.maxicp:maxicp,org.maxicp.modeling.algebra.bool,EndAfter,104,0,20,0,16,0,18,0,8,0
org.maxicp:maxicp,org.maxicp.modeling.algebra.bool,InSet,35,0,0,0,5,0,5,0,5,0
org.maxicp:maxicp,org.maxicp.modeling.algebra.bool,SymbolicBoolExpression,93,3,19,1,24,1,17,1,7,1
org.maxicp:maxicp,org.maxicp.util.io,InputReader,284,0,38,0,70,0,27,0,8,0
org.maxicp:maxicp,org.maxicp.modeling,SymbolicBranching,70,0,4,0,14,0,8,0,6,0
org.maxicp:maxicp,org.maxicp.modeling,IntVar,2,10,0,2,1,2,1,3,1,2
org.maxicp:maxicp,org.maxicp.modeling,IntervalVar,28,24,9,5,5,5,9,3,3,2
org.maxicp:maxicp,org.maxicp.modeling,ModelProxy.NotConcreteException,3,0,0,0,1,0,1,0,1,0
org.maxicp:maxicp,org.maxicp.modeling,NotAChildModelException,0,3,0,0,0,1,0,1,0,1
org.maxicp:maxicp,org.maxicp.modeling,SeqVar,31,0,4,0,5,0,7,0,5,0
org.maxicp:maxicp,org.maxicp.modeling,ModelProxy,20,106,2,3,4,24,4,10,2,9
org.maxicp:maxicp,org.maxicp.modeling,ModelProxyInstantiator,38,52,0,0,10,9,5,7,5,7
org.maxicp:maxicp,org.maxicp.modeling,Factory,444,218,3,1,57,36,58,35,56,35
org.maxicp:maxicp,org.maxicp.cp,CPFactory.new AbstractCPConstraint() {...},0,16,0,0,0,3,0,2,0,2
org.maxicp:maxicp,org.maxicp.cp,CPFactory.new AbstractCPConstraint() {...},0,11,0,0,0,3,0,2,0,2
org.maxicp:maxicp,org.maxicp.cp,CPFactory.new AbstractCPConstraint() {...},0,11,0,0,0,3,0,2,0,2
org.maxicp:maxicp,org.maxicp.cp,CPFactory,807,1046,26,34,155,185,82,100,64,88
org.maxicp:maxicp,org.maxicp.cp,CPFactory.new AbstractCPConstraint() {...},0,16,0,0,0,3,0,2,0,2
org.maxicp:maxicp,org.maxicp.cp,CPFactory.new AbstractCPConstraint() {...},0,16,0,0,0,3,0,2,0,2
org.maxicp:maxicp,org.maxicp.cp,CPFactory.new AbstractCPConstraint() {...},0,16,0,0,0,3,0,2,0,2
org.maxicp:maxicp,org.maxicp.cp,CPFactory.new AbstractCPConstraint() {...},0,16,0,0,0,3,0,2,0,2
org.maxicp:maxicp,org.maxicp.cp,CPFactory.new AbstractCPConstraint() {...},0,16,0,0,0,3,0,2,0,2
org.maxicp:maxicp,org.maxicp.cp,CPFactory.new AbstractCPConstraint() {...},0,16,0,0,0,3,0,2,0,2
org.maxicp:maxicp,org.maxicp.cp,CPFactory.new AbstractCPConstraint() {...},45,102,3,7,4,16,3,5,0,2
org.maxicp:maxicp,org.maxicp.cp,CPFactory.new AbstractCPConstraint() {...},16,0,0,0,3,0,2,0,2,0
org.maxicp:maxicp,org.maxicp.cp,CPFactory.new AbstractCPConstraint() {...},29,38,3,1,3,5,3,2,0,2
org.maxicp:maxicp,org.maxicp.cp,CPFactory.new AbstractCPConstraint() {...},45,82,3,1,4,10,3,2,0,2
org.maxicp:maxicp,org.maxicp.cp,CPFactory.new AbstractCPConstraint() {...},16,0,0,0,3,0,2,0,2,0
org.maxicp:maxicp,org.maxicp.cp,CPFactory.new AbstractCPConstraint() {...},0,16,0,0,0,3,0,2,0,2
org.maxicp:maxicp,org.maxicp.cp.modeling,CPModelInstantiator,3,13,0,0,1,3,1,1,1,1
org.maxicp:maxicp,org.maxicp.cp.modeling,ConcreteCPModel,1741,1258,120,104,238,250,142,91,33,33
org.maxicp:maxicp,org.maxicp.cp.modeling,CPModelInstantiator.Instantiator,0,25,0,0,0,3,0,2,0,2
org.maxicp:maxicp,org.maxicp.cp.modeling,ModelProxyInstantiatorWithCP,34,15,0,0,6,3,6,3,6,3
org.maxicp:maxicp,org.maxicp.util.exception,InconsistencyException,0,10,0,0,0,3,0,3,0,3
org.maxicp:maxicp,org.maxicp.util.exception,NotYetImplementedException,18,0,0,0,6,0,3,0,3,0
org.maxicp:maxicp,org.maxicp.util.exception,NotImplementedException,18,0,0,0,6,0,3,0,3,0
org.maxicp:maxicp,org.maxicp.util.exception,IntOverFlowException,4,4,0,0,1,2,1,1,1,1
org.maxicp:maxicp,org.maxicp.modeling.constraints,AllDifferent,11,0,0,0,3,0,2,0,2,0
org.maxicp:maxicp,org.maxicp.modeling.constraints,NegTable,18,0,0,0,2,0,2,0,2,0
org.maxicp:maxicp,org.maxicp.modeling.constraints,CardinalityMax,9,0,0,0,1,0,1,0,1,0
org.maxicp:maxicp,org.maxicp.modeling.constraints,Disjunctive,9,0,0,0,1,0,1,0,1,0
org.maxicp:maxicp,org.maxicp.modeling.constraints,NoOpConstraint,4,8,0,0,2,2,2,2,2,2
org.maxicp:maxicp,org.maxicp.modeling.constraints,Table,18,0,0,0,2,0,2,0,2,0
org.maxicp:maxicp,org.maxicp.modeling.constraints,CardinalityMin,9,0,0,0,1,0,1,0,1,0
org.maxicp:maxicp,org.maxicp.modeling.constraints,BinPacking,12,0,0,0,1,0,1,0,1,0
org.maxicp:maxicp,org.maxicp.modeling.constraints,Cumulative,15,0,0,0,1,0,1,0,1,0
org.maxicp:maxicp,org.maxicp.modeling.constraints,Sorted,12,0,0,0,1,0,1,0,1,0
org.maxicp:maxicp,org.maxicp.modeling.constraints,ExpressionIsTrue,0,6,0,0,0,1,0,1,0,1
org.maxicp:maxicp,org.maxicp.modeling.constraints,Circuit,6,0,0,0,1,0,1,0,1,0
org.maxicp:maxicp,org.maxicp.modeling.symbolic,IntervalStatus,1,19,1,3,0,3,1,2,0,1
org.maxicp:maxicp,org.maxicp.modeling.symbolic,SharedMaximization,21,0,0,0,7,0,3,0,3,0
org.maxicp:maxicp,org.maxicp.modeling.symbolic,IntVarSetImpl,83,33,9,1,17,11,12,4,7,4
org.maxicp:maxicp,org.maxicp.modeling.symbolic,Minimization,0,10,0,0,0,2,0,2,0,2
org.maxicp:maxicp,org.maxicp.modeling.symbolic,BoolVarImpl,112,26,28,4,16,9,22,5,7,4
org.maxicp:maxicp,org.maxicp.modeling.symbolic,SymbolicIntervalVar,18,120,6,14,6,24,6,14,0,10
org.maxicp:maxicp,org.maxicp.modeling.symbolic,SymbolicModel.ConstraintIterator,0,25,0,2,0,7,0,4,0,3
org.maxicp:maxicp,org.maxicp.modeling.symbolic,IntervalVarImpl,26,72,3,3,5,22,3,13,1,12
org.maxicp:maxicp,org.maxicp.modeling.symbolic,IsNodeRequired,27,0,4,0,4,0,3,0,1,0
org.maxicp:maxicp,org.maxicp.modeling.symbolic,SeqVarImpl,417,0,100,0,81,0,76,0,21,0
org.maxicp:maxicp,org.maxicp.modeling.symbolic,SharedMinimization,21,0,0,0,7,0,3,0,3,0
org.maxicp:maxicp,org.maxicp.modeling.symbolic,Maximization,10,0,0,0,2,0,2,0,2,0
org.maxicp:maxicp,org.maxicp.modeling.symbolic,SymbolicModel,70,49,7,3,10,8,7,9,3,8
org.maxicp:maxicp,org.maxicp.modeling.symbolic,IntVarRangeImpl,51,62,11,3,8,17,9,9,3,8
org.maxicp:maxicp,org.maxicp.modeling.symbolic,SymbolicSeqVar,247,0,26,0,44,0,31,0,18,0
org.maxicp:maxicp,org.maxicp.modeling.xcsp3,XCallbacksDecomp,1070,0,48,0,143,0,78,0,54,0
org.maxicp:maxicp,org.maxicp.modeling.xcsp3,XCSP3.XCSP3LoadedInstance,16,0,0,0,3,0,2,0,2,0
org.maxicp:maxicp,org.maxicp.modeling.xcsp3,XCSP3,2461,0,177,0,391,0,242,0,121,0
org.maxicp:maxicp,org.maxicp.modeling.constraints.seqvar,Insert,0,12,0,0,0,1,0,1,0,1
org.maxicp:maxicp,org.maxicp.modeling.constraints.seqvar,TransitionTimes,39,0,0,0,12,0,3,0,3,0
org.maxicp:maxicp,org.maxicp.modeling.constraints.seqvar,Cumulative,38,0,4,0,10,0,5,0,3,0
org.maxicp:maxicp,org.maxicp.modeling.constraints.seqvar,SubSequence,9,0,0,0,1,0,1,0,1,0
org.maxicp:maxicp,org.maxicp.modeling.constraints.seqvar,NotBetween,15,0,0,0,1,0,1,0,1,0
org.maxicp:maxicp,org.maxicp.modeling.constraints.seqvar,Precedence,9,0,0,0,1,0,1,0,1,0
org.maxicp:maxicp,org.maxicp.modeling.constraints.seqvar,Distance,20,0,0,0,7,0,2,0,2,0
org.maxicp:maxicp,org.maxicp.modeling.constraints.seqvar,Require,9,0,0,0,1,0,1,0,1,0
org.maxicp:maxicp,org.maxicp.modeling.constraints.seqvar,Exclude,0,9,0,0,0,1,0,1,0,1
org.maxicp:maxicp,org.maxicp.modeling.algebra.sequence,SeqStatus,0,51,0,0,0,9,0,1,0,1
org.maxicp:maxicp,org.maxicp.state,StateManager,13,11,0,0,4,5,1,1,1,1
org.maxicp:maxicp,org.maxicp.state,StateInt,0,24,0,0,0,2,0,2,0,2
org.maxicp:maxicp,org.maxicp.state,StateLong,24,0,0,0,2,0,2,0,2,0
org.maxicp:maxicp,org.maxicp.modeling.constraints.helpers,ConstraintFromRecord,3,0,0,0,1,0,1,0,1,0
org.maxicp:maxicp,org.maxicp.modeling.constraints.helpers,ConstraintFromRecordHelper,424,0,44,0,60,0,28,0,5,0
org.maxicp:maxicp,org.maxicp.modeling.constraints.helpers,CacheScope,10,0,0,0,1,0,2,0,2,0
org.maxicp:maxicp,org.maxicp.modeling.constraints.helpers,ScopeCache,8,0,0,0,2,0,2,0,2,0
org.maxicp:maxicp,org.maxicp.state.datastructures,StateInterval,63,116,5,7,10,19,6,13,3,10
org.maxicp:maxicp,org.maxicp.state.datastructures,StateSparseSet,169,603,27,63,24,119,25,49,3,26
org.maxicp:maxicp,org.maxicp.state.datastructures,StateSparseBitSet,101,213,6,14,15,34,5,14,2,7
org.maxicp:maxicp,org.maxicp.state.datastructures,StateSparseBitSet.CollectionBitSet,31,62,2,4,4,8,2,5,1,3
org.maxicp:maxicp,org.maxicp.state.datastructures,StateStack,0,52,0,2,0,11,0,5,0,4
org.maxicp:maxicp,org.maxicp.state.datastructures,BitSet,73,79,5,5,13,16,8,7,5,5
org.maxicp:maxicp,org.maxicp.state.datastructures,StateTriPartition,150,787,18,74,21,141,17,57,2,26
org.maxicp:maxicp,org.maxicp.state.datastructures,StateLazySparseSet,28,340,6,42,5,76,6,36,2,16
org.maxicp:maxicp,org.maxicp.state.datastructures,StateSparseBitSet.SupportBitSet,5,23,1,1,0,8,1,4,0,4
org.maxicp:maxicp,org.maxicp.cp.engine.constraints.setvar,IsIncluded,0,66,1,7,0,18,1,6,0,3
org.maxicp:maxicp,org.maxicp.cp.engine.constraints.setvar,SetCard,8,94,2,6,0,19,2,5,0,3
org.maxicp:maxicp,org.maxicp.cp.engine.constraints.setvar,IsSubset,0,209,0,26,0,44,0,18,0,5
org.maxicp:maxicp,org.maxicp.cp.engine.constraints.setvar,NotSubset,0,122,0,14,0,31,0,10,0,3
org.maxicp:maxicp,org.maxicp.cp.engine.constraints.setvar,Subset,0,94,0,8,0,19,0,7,0,3
org.maxicp:maxicp,org.maxicp.modeling.utils,EqHelper.EqSimplified,0,9,0,0,0,1,0,1,0,1
org.maxicp:maxicp,org.maxicp.modeling.utils,ScopeHelper.VarLister,24,0,2,0,6,0,3,0,2,0
org.maxicp:maxicp,org.maxicp.modeling.utils,EqHelper.EqInstantiateAndCache,4,6,0,0,1,1,1,1,1,1
org.maxicp:maxicp,org.maxicp.modeling.utils,EqHelper.UnionFind,46,58,4,6,6,17,6,5,3,3
org.maxicp:maxicp,org.maxicp.modeling.utils,ExpressionsTopoSort,89,223,11,25,16,42,12,11,3,2
org.maxicp:maxicp,org.maxicp.modeling.utils,EqHelper.new Comparator() {...},10,44,3,6,3,11,3,5,0,3
org.maxicp:maxicp,org.maxicp.modeling.utils,EqHelper,82,297,7,25,12,53,8,17,3,6
org.maxicp:maxicp,org.maxicp.modeling.utils,ScopeHelper,38,0,4,0,6,0,4,0,2,0
org.maxicp:maxicp,org.maxicp.modeling.utils,EqHelper.EqInstantiateAndReuse,6,9,0,0,1,1,1,1,1,1
org.maxicp:maxicp,org.maxicp.modeling.algebra.integer,Min,137,0,12,0,28,0,15,0,9,0
org.maxicp:maxicp,org.maxicp.modeling.algebra.integer,Sum,105,13,7,1,15,4,11,2,7,2
org.maxicp:maxicp,org.maxicp.modeling.algebra.integer,Element2DVar,458,0,30,0,75,0,30,0,15,0
org.maxicp:maxicp,org.maxicp.modeling.algebra.integer,IntervalLength,142,14,22,0,28,3,20,3,9,3
org.maxicp:maxicp,org.maxicp.modeling.algebra.integer,IntervalStartOrValue,285,0,54,0,50,0,40,0,13,0
org.maxicp:maxicp,org.maxicp.modeling.algebra.integer,Max,141,10,14,0,29,2,15,2,8,2
org.maxicp:maxicp,org.maxicp.modeling.algebra.integer,WeightedSum,166,0,14,0,23,0,16,0,9,0
org.maxicp:maxicp,org.maxicp.modeling.algebra.integer,IntervalStart,134,22,20,2,27,4,18,5,8,4
org.maxicp:maxicp,org.maxicp.modeling.algebra.integer,CstMul,123,15,19,1,28,4,18,2,8,2
org.maxicp:maxicp,org.maxicp.modeling.algebra.integer,Element2D,343,0,24,0,58,0,23,0,11,0
org.maxicp:maxicp,org.maxicp.modeling.algebra.integer,Abs,142,0,20,0,31,0,20,0,10,0
org.maxicp:maxicp,org.maxicp.modeling.algebra.integer,Element1D,124,92,10,4,26,17,11,7,6,5
org.maxicp:maxicp,org.maxicp.modeling.algebra.integer,IntervalEnd,134,22,20,2,27,4,18,5,8,4
org.maxicp:maxicp,org.maxicp.modeling.algebra.integer,SymbolicIntExpression,137,47,12,6,20,10,17,6,10,4
org.maxicp:maxicp,org.maxicp.modeling.algebra.integer,UnaryMinus,58,10,2,0,11,2,9,2,8,2
org.maxicp:maxicp,org.maxicp.modeling.algebra.integer,MulBinary,33,15,0,0,5,2,5,2,5,2
org.maxicp:maxicp,org.maxicp.modeling.algebra.integer,IntExpression,0,117,0,12,0,22,0,7,0,1
org.maxicp:maxicp,org.maxicp.modeling.algebra.integer,IntervalEndOrValue,271,14,54,0,48,2,37,3,10,3
org.maxicp:maxicp,org.maxicp.modeling.algebra.integer,Constant,36,11,2,0,11,2,11,2,10,2
org.maxicp:maxicp,org.maxicp.modeling.algebra.integer,IntervalLengthOrValue,285,0,54,0,50,0,40,0,13,0
org.maxicp:maxicp,org.maxicp.modeling.algebra.integer,CstOffset,82,0,2,0,13,0,11,0,10,0
org.maxicp:maxicp,org.maxicp.modeling.algebra.integer,Mul,133,13,5,1,21,4,11,2,8,2
org.maxicp:maxicp,org.maxicp.modeling.algebra.integer,Element1DVar,294,0,18,0,53,0,22,0,13,0
org.maxicp:maxicp,org.maxicp.search,FDS.ChoiceType,0,21,0,0,0,2,0,1,0,1
org.maxicp:maxicp,org.maxicp.search,Rank.Ranker,206,0,10,0,37,0,14,0,9,0
org.maxicp:maxicp,org.maxicp.search,FDS.Choice,75,82,26,10,15,22,20,8,1,6
org.maxicp:maxicp,org.maxicp.search,SetTimesModeling,30,356,7,41,7,77,8,30,1,13
org.maxicp:maxicp,org.maxicp.search,ConcurrentDFSearch.SymbolicModelToRun,6,0,0,0,1,0,1,0,1,0
org.maxicp:maxicp,org.maxicp.search,CartesianSpaceEvaluator,30,0,2,0,5,0,3,0,2,0
org.maxicp:maxicp,org.maxicp.search,AbstractConcurrentSearchMethod.StopMessage,12,0,0,0,3,0,2,0,2,0
org.maxicp:maxicp,org.maxicp.search,SaveStateAction,0,10,0,0,0,3,0,2,0,2
org.maxicp:maxicp,org.maxicp.search,AbstractConcurrentSearchMethod.StealMessage,12,0,0,0,3,0,2,0,2,0
org.maxicp:maxicp,org.maxicp.search,AbstractSearchMethod,61,446,3,23,17,110,10,43,7,33
org.maxicp:maxicp,org.maxicp.search,AbstractConcurrentSearchMethod,138,0,10,0,35,0,11,0,6,0
org.maxicp:maxicp,org.maxicp.search,SequenceRank,157,0,12,0,29,0,9,0,3,0
org.maxicp:maxicp,org.maxicp.search,DFSListener,1,6,0,0,1,6,1,6,1,6
org.maxicp:maxicp,org.maxicp.search,DFSearch,29,234,0,8,6,72,2,20,2,16
org.maxicp:maxicp,org.maxicp.search,DFSTreeRecorder,88,0,0,0,22,0,10,0,10,0
org.maxicp:maxicp,org.maxicp.search,DFSearch.new DFSListener() {...},0,3,0,0,0,1,0,1,0,1
org.maxicp:maxicp,org.maxicp.search,SequenceRank.Priority,39,0,8,0,10,0,6,0,2,0
org.maxicp:maxicp,org.maxicp.search,SetTimes,370,0,42,0,81,0,35,0,14,0
org.maxicp:maxicp,org.maxicp.search,RunnableSearchMethod,0,5,0,0,0,2,0,1,0,1
org.maxicp:maxicp,org.maxicp.search,LimitedDepthBranching,65,0,6,0,17,0,6,0,3,0
org.maxicp:maxicp,org.maxicp.search,FDSModeling,61,627,15,53,7,116,15,35,0,16
org.maxicp:maxicp,org.maxicp.search,FDSModeling.Choice,84,82,26,10,15,20,20,8,1,6
org.maxicp:maxicp,org.maxicp.search,LimitedDiscrepancyBranching,5,66,1,5,0,17,1,5,0,3
org.maxicp:maxicp,org.maxicp.search,BestFirstSearch,149,0,8,0,35,0,9,0,5,0
org.maxicp:maxicp,org.maxicp.search,Searches,757,651,83,61,133,136,83,68,38,41
org.maxicp:maxicp,org.maxicp.search,Rank.Ranker.new Record() {...},12,0,0,0,1,0,1,0,1,0
org.maxicp:maxicp,org.maxicp.search,AbstractSearchMethod.IntRef,0,3,0,0,0,1,0,1,0,1
org.maxicp:maxicp,org.maxicp.search,Sequencer,0,29,0,4,0,8,0,4,0,2
org.maxicp:maxicp,org.maxicp.search,RestoreStateAction,0,10,0,0,0,3,0,2,0,2
org.maxicp:maxicp,org.maxicp.search,Rank,241,0,22,0,49,0,16,0,5,0
org.maxicp:maxicp,org.maxicp.search,DFSLinearizer,0,57,0,0,0,12,0,7,0,7
org.maxicp:maxicp,org.maxicp.search,SearchStatistics,84,59,14,0,7,20,11,10,4,10
org.maxicp:maxicp,org.maxicp.search,StopSearchException,0,3,0,0,0,1,0,1,0,1
org.maxicp:maxicp,org.maxicp.search,BranchingAction,0,10,0,0,0,3,0,2,0,2
org.maxicp:maxicp,org.maxicp.search,SequenceRank.Ranker,326,0,20,0,50,0,22,0,12,0
org.maxicp:maxicp,org.maxicp.search,FDS,61,626,15,53,7,116,15,35,0,16
org.maxicp:maxicp,org.maxicp.search,BestFirstSearch.PQEntry,15,0,0,0,2,0,2,0,2,0
org.maxicp:maxicp,org.maxicp.search,SymbolicSearchMethod,5,0,0,0,2,0,1,0,1,0
org.maxicp:maxicp,org.maxicp.search,FDSModeling.ChoiceType,0,21,0,0,0,2,0,1,0,1
org.maxicp:maxicp,org.maxicp.search,ConcurrentDFSearch,191,0,15,0,55,0,16,0,8,0
org.maxicp:maxicp,org.maxicp.search,SearchMethod,8,8,0,0,2,2,2,2,2,2
org.maxicp:maxicp,org.maxicp.cp.engine.constraints,IsLessOrEqual,0,109,0,14,0,25,0,11,0,4
org.maxicp:maxicp,org.maxicp.cp.engine.constraints,Circuit,11,445,2,34,2,81,2,24,0,8
org.maxicp:maxicp,org.maxicp.cp.engine.constraints,IsEqual,0,80,0,10,0,23,0,8,0,3
org.maxicp:maxicp,org.maxicp.cp.engine.constraints,MaximumMatching,0,383,1,45,0,67,1,28,0,6
org.maxicp:maxicp,org.maxicp.cp.engine.constraints,LessOrEqual,0,45,0,2,0,13,0,4,0,3
org.maxicp:maxicp,org.maxicp.cp.engine.constraints,Or,16,189,5,19,2,32,5,11,0,4
org.maxicp:maxicp,org.maxicp.cp.engine.constraints,SoftCardinalityDC.FlowType,0,15,0,0,0,1,0,1,0,1
org.maxicp:maxicp,org.maxicp.cp.engine.constraints,IsEqualVar,108,0,14,0,26,0,10,0,3,0
org.maxicp:maxicp,org.maxicp.cp.engine.constraints,NegTableCT,0,684,1,57,0,116,1,34,0,6
org.maxicp:maxicp,org.maxicp.cp.engine.constraints,Profile.Entry,25,0,4,0,5,0,4,0,2,0
org.maxicp:maxicp,org.maxicp.cp.engine.constraints,AllDifferentDC,0,15,0,0,0,2,0,1,0,1
org.maxicp:maxicp,org.maxicp.cp.engine.constraints,Sum,0,298,0,12,0,45,0,12,0,6
org.maxicp:maxicp,org.maxicp.cp.engine.constraints,Among,11,490,4,50,0,70,4,28,0,5
org.maxicp:maxicp,org.maxicp.cp.engine.constraints,Element1DDC,4,287,2,26,1,51,2,15,0,3
org.maxicp:maxicp,org.maxicp.cp.engine.constraints,Square,0,176,3,15,0,43,3,9,0,3
org.maxicp:maxicp,org.maxicp.cp.engine.constraints,Equal,0,147,0,8,0,33,0,10,0,6
org.maxicp:maxicp,org.maxicp.cp.engine.constraints,Profile.Rectangle,50,0,2,0,13,0,8,0,7,0
org.maxicp:maxicp,org.maxicp.cp.engine.constraints,SubCircuit,4,269,1,25,0,49,1,18,0,6
org.maxicp:maxicp,org.maxicp.cp.engine.constraints,InversePerm,26,276,3,27,2,42,3,16,0,4
org.maxicp:maxicp,org.maxicp.cp.engine.constraints,Maximum,4,184,1,13,0,38,1,10,0,4
org.maxicp:maxicp,org.maxicp.cp.engine.constraints,Element2D,8,331,2,22,0,45,2,18,0,8
org.maxicp:maxicp,org.maxicp.cp.engine.constraints,TableCT,18,576,4,52,5,98,4,28,0,4
org.maxicp:maxicp,org.maxicp.cp.engine.constraints,Element1D,8,231,2,12,2,35,2,9,0,4
org.maxicp:maxicp,org.maxicp.cp.engine.constraints,ShortTableCT,16,651,2,58,4,107,2,32,0,4
org.maxicp:maxicp,org.maxicp.cp.engine.constraints,SCC,1,331,1,23,1,66,1,20,0,9
org.maxicp:maxicp,org.maxicp.cp.engine.constraints,CostCardinalityMaxDC,137,1263,18,108,18,171,14,65,1,15
org.maxicp:maxicp,org.maxicp.cp.engine.constraints,IsOr,0,186,0,18,0,38,0,12,0,3
org.maxicp:maxicp,org.maxicp.cp.engine.constraints,Element2D.Triple,0,18,0,0,0,6,0,2,0,2
org.maxicp:maxicp,org.maxicp.cp.engine.constraints,NotEqual,18,56,3,5,3,15,3,5,1,3
org.maxicp:maxicp,org.maxicp.cp.engine.constraints,Mul,6,109,4,14,1,25,4,8,0,3
org.maxicp:maxicp,org.maxicp.cp.engine.constraints,MulCte,0,129,0,10,0,21,0,8,0,3
org.maxicp:maxicp,org.maxicp.cp.engine.constraints,LightBinaryKnapsack,433,0,24,0,84,0,18,0,6,0
org.maxicp:maxicp,org.maxicp.cp.engine.constraints,BinPacking,10,140,2,12,2,21,2,7,0,2
org.maxicp:maxicp,org.maxicp.cp.engine.constraints,AtLeastNValueDC,135,1345,35,145,18,207,28,81,3,16
org.maxicp:maxicp,org.maxicp.cp.engine.constraints,BinaryKnapsack,252,742,26,64,32,117,19,37,3,8
org.maxicp:maxicp,org.maxicp.cp.engine.constraints,MulCteRes,95,270,7,27,11,49,7,15,0,5
org.maxicp:maxicp,org.maxicp.cp.engine.constraints,Profile,174,0,12,0,29,0,12,0,6,0
org.maxicp:maxicp,org.maxicp.cp.engine.constraints,AtLeastNValueFWC,0,300,0,20,0,45,0,14,0,4
org.maxicp:maxicp,org.maxicp.cp.engine.constraints,IsLessOrEqualVar,0,99,0,8,0,25,0,7,0,3
org.maxicp:maxicp,org.maxicp.cp.engine.constraints,CostCardinalityMaxDC.Algorithm,0,15,0,0,0,2,0,1,0,1
org.maxicp:maxicp,org.maxicp.cp.engine.constraints,AllDifferentFWC,0,13,0,0,0,2,0,1,0,1
org.maxicp:maxicp,org.maxicp.cp.engine.constraints,Element1DVar,0,189,0,16,0,49,0,13,0,5
org.maxicp:maxicp,org.maxicp.cp.engine.constraints,CostAllDifferentDC,0,44,0,4,0,9,0,4,0,2
org.maxicp:maxicp,org.maxicp.cp.engine.constraints,CardinalityMinFWC,10,288,3,35,1,46,3,21,0,5
org.maxicp:maxicp,org.maxicp.cp.engine.constraints,SoftCardinalityDC,314,2541,79,313,50,415,55,168,4,23
org.maxicp:maxicp,org.maxicp.cp.engine.constraints,MinCostMaxFlow,1,387,1,27,1,68,1,20,0,7
org.maxicp:maxicp,org.maxicp.cp.engine.constraints,CardinalityMaxFWC,8,230,2,22,0,38,2,13,0,3
org.maxicp:maxicp,org.maxicp.cp.engine.constraints,MulVar,54,435,7,23,5,56,7,14,0,6
org.maxicp:maxicp,org.maxicp.cp.engine.constraints,Sorted,14,274,2,16,0,39,2,12,0,5
org.maxicp:maxicp,org.maxicp.cp.engine.constraints,Absolute,58,158,10,12,8,30,7,7,0,3
org.maxicp:maxicp,org.maxicp.cp.engine.core,AbstractCPConstraint,1,70,0,2,1,22,1,11,1,10
org.maxicp:maxicp,org.maxicp.cp.engine.core,CPSeqVarImpl,54,1239,25,143,8,238,26,116,1,49
org.maxicp:maxicp,org.maxicp.cp.engine.core,DeltaCPIntVarImpl,14,115,0,6,3,18,2,13,2,10
org.maxicp:maxicp,org.maxicp.cp.engine.core,CPIntervalVarImpl.new CPBoolVar() {...},115,122,16,18,34,31,20,20,10,13
org.maxicp:maxicp,org.maxicp.cp.engine.core,CPConstraintClosure,0,12,0,0,0,6,0,3,0,3
org.maxicp:maxicp,org.maxicp.cp.engine.core,CPIntervalVarOffset,70,92,0,0,22,23,15,13,15,13
org.maxicp:maxicp,org.maxicp.cp.engine.core,CPIntVarViewOpposite,93,73,4,0,22,23,11,14,9,14
org.maxicp:maxicp,org.maxicp.cp.engine.core,CPSeqVar,7,199,3,23,1,39,3,15,0,5
org.maxicp:maxicp,org.maxicp.cp.engine.core,CPConstraintClosureWithDelta,0,27,0,0,0,9,0,3,0,3
org.maxicp:maxicp,org.maxicp.cp.engine.core,CPFixedSetVar,117,0,6,0,30,0,23,0,20,0
org.maxicp:maxicp,org.maxicp.cp.engine.core,CPBoolVarIsEqual,98,0,18,0,23,0,16,0,7,0
org.maxicp:maxicp,org.maxicp.cp.engine.core,Maximize,89,0,6,0,25,0,13,0,10,0
org.maxicp:maxicp,org.maxicp.cp.engine.core,CPSeqVarImpl.Node.new CPBoolVar() {...},59,239,8,40,17,64,10,40,6,20
org.maxicp:maxicp,org.maxicp.cp.engine.core,CPSeqVarImpl.Node.new NodeListener() {...},0,38,0,0,0,9,0,5,0,5
org.maxicp:maxicp,org.maxicp.cp.engine.core,TriPartitionSetDomain,95,0,14,0,28,0,13,0,6,0
org.maxicp:maxicp,org.maxicp.cp.engine.core,CPIntVar,67,46,9,9,12,7,12,5,5,3
org.maxicp:maxicp,org.maxicp.cp.engine.core,CPSeqVarImpl.new SeqListener() {...},0,41,0,0,0,11,0,6,0,6
org.maxicp:maxicp,org.maxicp.cp.engine.core,DeltaCPIntVarImpl.new Iterator() {...},48,0,4,0,7,0,5,0,3,0
org.maxicp:maxicp,org.maxicp.cp.engine.core,CPBoolVar,51,41,15,7,14,9,12,6,3,4
org.maxicp:maxicp,org.maxicp.cp.engine.core,CPNodeVarViewFlip,67,148,0,12,22,32,14,17,14,11
org.maxicp:maxicp,org.maxicp.cp.engine.core,CPIntVarViewOffset,26,195,1,7,6,44,4,23,3,20
org.maxicp:maxicp,org.maxicp.cp.engine.core,CPSeqVarImpl.Node,19,435,0,24,5,61,4,50,4,32
org.maxicp:maxicp,org.maxicp.cp.engine.core,CPSeqVarViewFlip,66,268,0,16,24,57,14,36,14,28
org.maxicp:maxicp,org.maxicp.cp.engine.core,DoNothingConstraint,15,0,0,0,10,0,10,0,10,0
org.maxicp:maxicp,org.maxicp.cp.engine.core,CPSetVarImpl,12,217,2,18,2,48,4,28,2,20
org.maxicp:maxicp,org.maxicp.cp.engine.core,Minimize,19,70,3,3,4,21,5,8,2,8
org.maxicp:maxicp,org.maxicp.cp.engine.core,MaxiCP,6,160,0,12,2,44,1,20,1,14
org.maxicp:maxicp,org.maxicp.cp.engine.core,MinimizeObjectiveSum,199,0,10,0,39,0,14,0,9,0
org.maxicp:maxicp,org.maxicp.cp.engine.core,CPIntervalVarImpl,20,642,1,45,2,105,2,51,1,29
org.maxicp:maxicp,org.maxicp.cp.engine.core,CPIntVarViewMul,109,198,9,19,21,42,15,25,8,18
org.maxicp:maxicp,org.maxicp.cp.engine.core,CPIntVarConstant,16,68,0,10,8,27,8,20,8,15
org.maxicp:maxicp,org.maxicp.cp.engine.core,CPBoolVarImpl,55,111,6,8,14,33,12,22,8,19
org.maxicp:maxicp,org.maxicp.cp.engine.core,CPIntVarImpl,24,257,4,12,3,59,5,30,1,26
org.maxicp:maxicp,org.maxicp.cp.engine.core,SparseSetDomain,65,184,11,35,17,46,9,28,2,11
org.maxicp:maxicp,org.maxicp.cp.engine.core,DeltaState,0,12,0,0,0,1,0,1,0,1
org.maxicp:maxicp,org.maxicp.cp.engine.core,CPIntVarImpl.new IntDomainListener() {...},0,38,0,0,0,10,0,6,0,6
